"item_id","item_name","item_description","item_type","item_price","remaining_stock"
1,"plan","Sound worry ahead couple age population.","Home Decor",649.94,69
2,"team","Woman management turn side our alone.","Clothing",376.34,18
3,"financial","Analysis article decide decide theory top space or.","Electronics",348.75,83
4,"her","Season later ok should cultural.","Clothing",78.43,44
5,"cup","Thousand new system watch.","Home Decor",387.62,42
6,"do","Relationship majority parent ball.","Home Decor",573.48,43
7,"light","Message gun really same.","Books",708.69,67
8,"enjoy","Build natural blue force forget.","Books",842.4,98
9,"hotel","Better best successful do box piece.","Electronics",570.37,72
10,"interview","Finish court measure.","Electronics",884.88,95
11,"remember","Him maybe win position.","Books",835.41,80
12,"member","Ten worker wear while this.","Books",718.67,13
13,"treatment","Side enough far station best argue.","Books",734.76,92
14,"old","Professional look including anyone story I.","Electronics",958.03,20
15,"spring","Less attention head lot gun water response.","Clothing",544.97,40
16,"employee","Each four draw exist care song.","Clothing",908.99,24
17,"president","Movement car soon seat.","Clothing",182.91,56
18,"against","Long professor six tonight I animal work.","Home Decor",789.86,33
19,"something","Southern put site end energy page.","Electronics",341.11,93
20,"ball","Hold opportunity hotel hour.","Clothing",296.33,8
21,"letter","Agency end she modern.","Home Decor",495.82,88
22,"left","Ok garden health possible animal machine material any.","Clothing",881.63,97
23,"situation","Traditional I area kind smile off.","Clothing",819.81,48
24,"difficult","Scientist government far pressure season.","Electronics",655.09,54
25,"good","Instead event choose certainly.","Books",708.24,26
26,"much","Floor dog send key box.","Electronics",710.5,49
27,"activity","Figure thank lay mention appear goal pick.","Electronics",858.16,39
28,"TV","Few language act huge.","Clothing",69.11,77
29,"despite","Myself term property forget leave.","Home Decor",462.39,95
30,"country","Usually night doctor present fall bit.","Clothing",113.74,37
31,"exactly","Like husband help.","Books",525.47,19
32,"nice","Change cause last sea pay style process.","Clothing",882.01,67
33,"inside","Including assume attorney another.","Home Decor",815.38,74
34,"than","Any rise on catch six agency.","Home Decor",214.46,100
35,"color","Especially sometimes sit speak feel.","Clothing",435.44,82
36,"health","Future experience thought individual huge enjoy everyone.","Electronics",933.24,0
37,"read","Information my adult blood PM.","Books",600.26,53
38,"professor","High staff relationship somebody attention animal parent.","Electronics",775.86,2
39,"part","Human friend watch education similar big.","Electronics",510.45,79
40,"ball","Style sort these age about along purpose.","Home Decor",611.16,78
41,"allow","Chair ready question including not our television.","Books",772.41,42
42,"fast","Color later surface lawyer.","Home Decor",986.58,24
43,"read","With him sure indeed actually receive.","Books",647.27,38
44,"animal","Human high foreign ok itself since.","Books",778.4,76
45,"first","Factor claim its fish decade someone low whole.","Books",574.06,7
46,"quickly","War ready reduce film.","Clothing",507.3,31
47,"knowledge","Push ground history throughout fill gun must.","Clothing",501.75,21
48,"interview","Reality whole young radio blood word a chair.","Electronics",740.33,14
49,"affect","Language character would help perform above.","Books",980.78,23
50,"physical","With responsibility where yeah it.","Clothing",39.79,32
51,"lay","House different section.","Clothing",301.39,44
52,"democratic","Operation seat entire red family suffer public.","Books",424.82,53
53,"visit","Music eye sell able her by.","Books",794.36,61
54,"story","Suffer though production another choice.","Books",908.5,38
55,"outside","Politics thousand open son yet.","Books",421.82,79
56,"community","Law society central answer per.","Electronics",86.78,72
57,"step","Who event control which word.","Books",757.07,53
58,"half","Exist Mrs stop safe.","Home Decor",929.23,77
59,"test","Office rest star major.","Books",267.35,77
60,"at","Song environmental above recognize member a page hospital.","Home Decor",657.52,76
61,"yourself","Accept goal inside Mr.","Clothing",351.54,66
62,"change","System poor yourself throw former person each.","Books",60.31,7
63,"create","Woman news hot send carry save.","Clothing",980.87,36
64,"behind","Until all thought there physical can add teacher.","Books",988.43,99
65,"likely","Tax number hour mission however once read.","Electronics",9.32,29
66,"of","Seem majority poor send produce writer.","Electronics",555.69,13
67,"close","That again head enjoy.","Books",209.91,59
68,"dog","Forget safe cup station concern list control.","Books",604.88,19
69,"film","Tax lose until feel score themselves wish.","Clothing",483.29,70
70,"company","Rule newspaper financial baby.","Clothing",953.44,15
71,"nation","Pressure result hotel ten management lay part.","Clothing",226.4,22
72,"meeting","Congress station black lose.","Books",777.5,58
73,"human","Speech television thought technology money natural four measure.","Books",23.56,41
74,"lose","Likely stop describe executive behavior necessary.","Home Decor",307.12,66
75,"increase","Local middle heart major several.","Electronics",116.68,31
76,"yard","Trouble factor gas provide former.","Books",163.1,91
77,"reflect","College rest nice window right onto manage.","Clothing",288.18,98
78,"theory","Reach catch maintain fear.","Home Decor",880.06,39
79,"card","Seem many notice like today.","Books",277.42,82
80,"out","Top information light hour.","Clothing",500.26,1
81,"toward","Difference minute green.","Electronics",846.16,62
82,"film","Yet until management prove technology religious resource.","Clothing",398,16
83,"evidence","If culture sing edge table.","Electronics",792.83,54
84,"couple","Wife south leader because land.","Clothing",925,93
85,"appear","Focus remember father industry.","Books",825.17,63
86,"part","So interesting thank short budget education.","Books",131.03,0
87,"world","Play opportunity standard event.","Home Decor",839.16,49
88,"in","Rise rock itself heart move will then.","Books",552.48,77
89,"actually","Tend with minute.","Electronics",794.04,84
90,"establish","Building free then.","Electronics",306.47,40
91,"provide","Sit indeed again eat occur.","Books",115,1
92,"action","Job move management skill pick project commercial.","Books",193.39,72
93,"executive","Middle most attention cover paper.","Electronics",441.45,69
94,"bill","Agreement value similar senior personal respond yeah important.","Books",15.46,10
95,"painting","Account fish song manage difference increase game.","Books",110.08,58
96,"half","Education research state program easy factor animal.","Electronics",829.98,87
97,"Mr","Area anyone now music message good kitchen task.","Clothing",967.82,73
98,"school","Sea bag development social significant happen.","Home Decor",670.27,83
99,"begin","Hundred where capital above.","Books",824.02,89
100,"itself","Half the design eat southern forward.","Clothing",418.5,51
101,"agree","Little choice often year.","Books",608.96,25
102,"daughter","Herself develop general.","Home Decor",14.56,42
103,"once","Only third art now.","Books",804.64,49
104,"identify","Themselves example Democrat memory.","Clothing",684.81,68
105,"culture","Sure someone central outside parent hit.","Home Decor",865.05,71
106,"anything","Investment newspaper scene off thought reach note.","Home Decor",5.11,65
107,"unit","Generation hot goal interest.","Electronics",109.31,84
108,"rock","Us stage seat.","Electronics",322.66,59
109,"order","Man night amount head many everything Republican.","Electronics",874.47,48
110,"standard","Tough material once television hair half better.","Home Decor",584.96,89
111,"until","True prove strong five next of.","Books",163.21,35
112,"approach","At side marriage green fish cover those.","Books",324.59,0
113,"concern","Manage statement team loss five operation pretty off.","Clothing",281.59,61
114,"each","Wonder health especially activity mother.","Clothing",137.12,13
115,"report","Could live paper edge environmental sign two.","Electronics",24.87,60
116,"manage","Still into send finish it contain.","Electronics",562.75,75
117,"campaign","Happen present student I turn president enough.","Books",513.25,86
118,"form","Capital stand wait information ten leave boy wall.","Home Decor",417.56,70
119,"help","Thought quite yourself care.","Clothing",911.22,83
120,"compare","Reduce public wall medical.","Books",481.9,43
121,"final","Approach food leader.","Clothing",475.79,52
122,"forget","Local most performance student.","Clothing",863.54,25
123,"method","Seek customer music star heart they prepare.","Clothing",879.73,10
124,"may","Fall up these director general today himself.","Electronics",670.13,59
125,"culture","Adult someone tend wife moment there.","Electronics",320.77,21
126,"source","Movement activity meet.","Books",905.91,67
127,"trial","Now be leg above network many country person.","Home Decor",574.81,19
128,"performance","Majority top garden side once.","Clothing",86.32,95
129,"production","Age election radio almost kid face.","Home Decor",83.68,45
130,"instead","Yes two study likely how.","Clothing",367.76,32
131,"because","Market among suddenly say Democrat if nearly.","Books",96.19,37
132,"near","Purpose media including apply popular.","Home Decor",511.84,96
133,"identify","Vote son who.","Books",165.95,25
134,"knowledge","Successful government design different.","Home Decor",560.83,34
135,"reason","Stand something listen.","Books",39.85,44
136,"man","Material activity quite everyone teach.","Electronics",170.14,90
137,"coach","Man box structure raise protect.","Electronics",354.82,94
138,"agent","Moment between few good.","Home Decor",285.33,82
139,"offer","Prevent central step.","Books",572.45,41
140,"clear","Official machine significant talk when bag gas.","Books",286.96,1
141,"cup","Blood small consider alone someone include itself dream.","Home Decor",945.79,84
142,"born","Knowledge management wide news black serve beyond.","Home Decor",583.7,41
143,"detail","Market fire nearly create blood agreement.","Clothing",103.65,56
144,"north","Production mention situation class.","Clothing",757.18,31
145,"rather","Clear project young growth save author score above.","Home Decor",970.17,71
146,"I","Defense fact off why decide focus color.","Clothing",503.59,50
147,"dream","Tell poor loss above.","Home Decor",437.94,97
148,"fund","Home yard measure other.","Clothing",223.73,1
149,"rise","Day outside care law.","Home Decor",512.4,8
150,"recognize","Wait at affect subject animal successful much.","Electronics",587.82,28
151,"service","Ever yard feel have unit soon.","Electronics",181.55,58
152,"member","Throw quality model owner help north relate.","Books",579.72,27
153,"among","Three idea game fire.","Home Decor",673.86,11
154,"six","Assume group check watch stuff garden least.","Electronics",79.34,75
155,"world","Six program yet trip.","Electronics",247.96,93
156,"participant","Return political letter agree than example almost heart.","Books",77.94,33
157,"look","Become operation though.","Electronics",249.13,43
158,"serve","According allow church street your on.","Clothing",434.07,51
159,"best","Mention animal until audience generation me put.","Books",656.27,39
160,"tend","Find hope year similar few describe.","Clothing",905.31,52
161,"radio","Hundred knowledge against.","Books",349.92,78
162,"test","Drop house page others party event.","Electronics",963.59,16
163,"break","Understand more raise off live together more.","Books",357.73,46
164,"study","Order prevent never writer north create.","Books",920.76,11
165,"meeting","From simple be born result see.","Clothing",344.85,24
166,"environment","Beyond half her.","Books",696.6,7
167,"seem","Through if know space site general capital thought.","Books",708.18,79
168,"table","Draw across today future.","Electronics",874.69,64
169,"southern","Particularly too design source.","Clothing",870.86,4
170,"us","Way that effort issue bed point image what.","Electronics",863.98,29
171,"collection","Represent each sport red.","Home Decor",119.49,55
172,"very","Sometimes deal light establish job.","Books",168.24,60
173,"west","Ahead star decide always mean project computer.","Electronics",466.78,7
174,"moment","Particular behind visit standard.","Clothing",731.59,40
175,"cell","Build treat go list.","Books",204.52,90
176,"his","Prove line benefit service drop.","Home Decor",770.48,92
177,"ready","Cultural position eight society certainly task political.","Books",562.95,69
178,"half","Market red color clear hundred learn.","Clothing",525.64,65
179,"painting","Mind man book win newspaper account discover must.","Electronics",246.01,98
180,"Congress","Speak hard base walk provide.","Books",899.76,6
181,"possible","Democrat always challenge partner.","Books",640.37,3
182,"its","Help quality court present drop spend.","Home Decor",715.65,28
183,"can","Force wind this year.","Clothing",649.1,75
184,"method","Somebody writer western picture course item.","Electronics",806.66,71
185,"seem","Hold buy million series vote show boy.","Clothing",345.02,88
186,"clearly","Woman little message although tonight.","Home Decor",167.14,26
187,"training","Main look floor concern.","Books",940.41,26
188,"value","By through young moment might by.","Electronics",164.45,81
189,"history","First budget eat mean despite strong.","Electronics",870.18,92
190,"great","In believe fall professional.","Clothing",153.32,62
191,"reach","Red him know mean century.","Books",176.37,75
192,"herself","However edge smile address.","Home Decor",687.23,64
193,"system","Fear quickly home condition either.","Books",881.3,10
194,"somebody","Since crime everything quite today fear movement music.","Clothing",436.79,34
195,"year","Building staff production between debate stage detail.","Home Decor",656.92,41
196,"thousand","Enjoy lawyer home pick.","Electronics",491.02,69
197,"fund","Both century movement teacher learn leave.","Books",986.99,2
198,"discussion","Night PM building already sound include.","Home Decor",222.95,48
199,"its","City computer wife.","Clothing",677.37,96
200,"news","Material next suffer mind.","Books",398.24,21
201,"outside","Too tax keep coach.","Electronics",857.88,55
202,"occur","History agency college field industry admit eat.","Books",234.27,86
203,"perform","Begin federal quality study study figure small.","Books",488.27,78
204,"part","Think term occur exist allow.","Electronics",988.41,8
205,"order","Learn finally share toward behind risk operation.","Books",382.98,60
206,"indeed","Itself team daughter young.","Books",89.28,81
207,"public","Property decision board next offer.","Clothing",714.78,70
208,"pay","Form themselves attack effort since daughter.","Electronics",603.31,65
209,"purpose","Scientist animal before across employee.","Books",951,77
210,"property","Central edge beyond employee bring.","Clothing",498.41,45
211,"number","Determine grow political movie.","Books",900.69,27
212,"appear","Call indicate material painting pull receive vote.","Books",43.85,86
213,"professor","Can perform one indicate pressure brother finally.","Clothing",981.32,25
214,"contain","Recently someone seven land.","Books",317.59,69
215,"military","Unit art personal training knowledge.","Clothing",163.16,14
216,"trip","Individual natural old prepare need simple.","Books",403.22,49
217,"tonight","Court better member and strong evidence.","Clothing",38.35,27
218,"suggest","Thank little discuss at defense own.","Electronics",557.05,80
219,"do","Message federal mouth network effect draw case.","Home Decor",484.94,17
220,"model","Reveal pressure kind final old trial.","Electronics",878.54,16
221,"center","Catch despite your each environment door.","Home Decor",807.47,37
222,"have","Development three film maintain.","Books",102.69,42
223,"it","In kid surface door organization happen water.","Home Decor",84.12,35
224,"half","Note continue theory upon claim say.","Electronics",281.52,4
225,"with","Country peace suddenly idea threat indicate article nothing.","Clothing",256.9,100
226,"value","Car senior finish natural.","Clothing",952.6,2
227,"somebody","Actually everything safe figure top.","Electronics",239.38,71
228,"image","Finish south before edge perform region full.","Books",402.55,65
229,"throughout","Congress range consider sort development.","Books",848.96,0
230,"think","Pm TV race yes Republican maintain will.","Books",764.46,98
231,"section","Main light thought western real.","Electronics",114.74,99
232,"clear","Tonight over her.","Books",667.02,25
233,"him","Simple happy thought what front.","Books",664.98,40
234,"feel","Wrong natural yes scene say use.","Books",417.91,9
235,"win","Recently its yourself every various not protect.","Electronics",93.66,22
236,"energy","When what rule.","Electronics",290.27,10
237,"around","Director president ball.","Home Decor",822.16,50
238,"seem","Wait game spend.","Electronics",974.61,11
239,"far","Seem now local speech act ready beat.","Books",458.18,2
240,"pattern","Her world after race gun population name.","Books",13.83,16
241,"bill","Soldier make interesting.","Home Decor",474.77,2
242,"center","Second interview fast.","Clothing",996.34,19
243,"somebody","Section price because economic.","Home Decor",341.51,51
244,"close","Recently from me air test.","Home Decor",936.35,49
245,"deep","Beyond policy full we figure upon answer.","Electronics",116.01,57
246,"beat","Create these while could brother step north.","Clothing",324.5,61
247,"sport","Business quickly agency start.","Home Decor",151.25,100
248,"design","Sing side practice.","Electronics",142.97,72
249,"girl","Man public mouth quite foreign number region.","Books",228.88,88
250,"single","Begin according toward born one.","Home Decor",65.27,11
251,"future","Any note season modern factor.","Clothing",912.7,67
252,"there","Himself right same mouth discussion morning law.","Books",721.77,98
253,"technology","Sport among identify arrive expert.","Electronics",191.5,27
254,"owner","Sport west then of case land yes professor.","Books",906.5,34
255,"full","Middle compare model together oil technology artist.","Clothing",30.01,65
256,"listen","Policy learn score knowledge beat.","Home Decor",187.66,64
257,"represent","Visit visit pull.","Electronics",887.25,52
258,"without","Truth time itself arm senior.","Clothing",799.27,21
259,"around","Any same report entire career story.","Home Decor",50.34,53
260,"ability","Operation its lawyer one condition court attorney.","Clothing",48.02,0
261,"raise","Suggest significant new let two article first.","Clothing",450.18,65
262,"head","Marriage worry study.","Home Decor",565.5,91
263,"assume","Religious central end various view institution standard.","Books",166.04,17
264,"chance","Hour article range or edge.","Clothing",851.86,14
265,"billion","Bank anyone every similar himself.","Books",935.13,74
266,"leader","Campaign might recognize teach.","Electronics",834.02,27
267,"budget","Discover why wind society lose move.","Home Decor",701.9,54
268,"science","Discussion laugh work off.","Electronics",183.49,92
269,"across","Child about pass price member institution.","Home Decor",153.67,0
270,"go","Happy picture maybe phone new too student both.","Home Decor",709.72,85
271,"section","Reason miss especially can tonight floor attention.","Home Decor",715.53,33
272,"address","Cause time really tonight enjoy.","Books",600.19,15
273,"industry","Bar writer develop visit either job control machine.","Books",568.46,50
274,"instead","Budget only including nation.","Books",777.06,83
275,"young","Money knowledge thought civil news.","Books",342.78,28
276,"everybody","Sell different claim majority executive.","Books",511.8,62
277,"table","Full serve list window that at soldier.","Books",865.33,33
278,"student","Management return kind Congress.","Home Decor",338.8,91
279,"total","Prepare debate senior.","Clothing",873.15,46
280,"room","Kitchen order enter always whose able.","Electronics",779.6,25
281,"trip","Doctor though might part than.","Home Decor",274.92,99
282,"the","Part build share the management explain turn.","Electronics",330.21,75
283,"on","Few mother per probably we.","Books",24.6,50
284,"miss","Under who staff central.","Clothing",986.39,98
285,"although","Challenge team system.","Electronics",360.69,1
286,"probably","Building data your alone type leave region.","Books",753.21,100
287,"current","Thought physical professor into choose beyond great mean.","Clothing",925.38,52
288,"interview","Financial remember resource land bit daughter approach.","Home Decor",456.61,75
289,"yeah","Shake attention at lawyer agreement.","Home Decor",967.05,90
290,"moment","Catch bring very including bank.","Home Decor",997.55,94
291,"political","Beat discuss machine four detail.","Books",24.9,0
292,"painting","Create with go person.","Clothing",582.6,43
293,"worry","Almost customer tree thank.","Clothing",146.71,61
294,"reflect","Four speak ten and responsibility life born country.","Books",339.62,90
295,"somebody","Without fill two.","Electronics",390.62,95
296,"ball","Risk concern ten society.","Clothing",924.21,13
297,"receive","Girl lawyer take arrive.","Electronics",895.87,59
298,"add","Chance career to trouble behind.","Electronics",865.51,69
299,"each","Agency view baby key positive.","Books",348.09,69
300,"hour","Civil hold until short join newspaper else.","Books",577.76,14
301,"dinner","Speak air consumer us how red.","Home Decor",672.27,65
302,"career","Thousand alone just market.","Clothing",810.02,59
303,"care","Fire soon that surface strong concern increase.","Clothing",717.21,42
304,"draw","Card rise whole skin day.","Home Decor",398.11,94
305,"sometimes","Stay challenge tend care that control life opportunity.","Home Decor",284.39,25
306,"wonder","Enough a hear outside agreement most.","Home Decor",479.78,16
307,"physical","Hotel something report ask pattern attorney.","Clothing",737.85,22
308,"despite","Contain far sister dog no firm.","Clothing",93.82,94
309,"contain","Prevent operation group figure join child.","Home Decor",695.7,80
310,"figure","Agent still month parent.","Books",996.71,3
311,"charge","Who forget so election left subject.","Home Decor",756.56,57
312,"red","Pressure view save attack rest less.","Electronics",192.6,28
313,"available","Interesting close western mention pretty building debate hold.","Clothing",36.13,75
314,"show","Enough east since four always on range.","Books",195.67,88
315,"blue","Great still close father.","Home Decor",710.28,25
316,"age","Along let save never reduce thus very.","Books",737.95,36
317,"pattern","Manage people sense produce fire.","Books",42.9,29
318,"college","Support different sense particularly look.","Home Decor",607.96,0
319,"religious","Through today six will what up education.","Clothing",891.34,22
320,"need","Show trade analysis address continue society full.","Home Decor",57.69,39
321,"remain","Rate Mr Congress understand.","Electronics",48.12,23
322,"sense","Color everyone difficult significant put carry.","Clothing",983.43,31
323,"unit","Detail out heart and.","Electronics",989.06,16
324,"rise","Edge respond this it remember speak down head.","Books",595.42,67
325,"exist","Million morning send.","Clothing",235.23,83
326,"film","True candidate possible avoid difficult describe among.","Home Decor",979.66,71
327,"issue","Officer set lay institution professional best as.","Electronics",10.31,17
328,"power","Mean budget key rock black food.","Electronics",143.17,62
329,"today","Including resource every.","Clothing",560.64,0
330,"however","Manage consumer price him appear present.","Electronics",603.71,62
331,"sell","House movement garden act husband truth marriage.","Electronics",224.73,75
332,"thus","Message number class make interesting rather information.","Electronics",712.93,29
333,"art","Fill still parent radio born.","Books",784.9,78
334,"now","For movie perform thus talk themselves.","Books",936.1,79
335,"measure","Meet follow anyone share indeed public.","Home Decor",498.81,64
336,"list","Prevent strong fish support live star give.","Clothing",80.99,81
337,"finish","Arm year after particular.","Home Decor",411.62,37
338,"foreign","Performance look style cause indeed never behavior.","Clothing",962.65,48
339,"idea","Family himself teach wrong.","Home Decor",762.38,88
340,"occur","Ability policy gas factor.","Electronics",317.9,70
341,"heart","State energy no interesting role approach.","Home Decor",674.41,10
342,"job","Interview day officer upon adult cause rate.","Books",556.69,54
343,"sing","Call arrive us media throw week hit must.","Clothing",309.45,23
344,"relationship","Dream capital pick room summer.","Books",741.96,47
345,"cell","Check forward option business actually.","Clothing",462.4,28
346,"debate","Left late subject concern source shake cultural movie.","Electronics",892.36,77
347,"administration","For air we than mouth three.","Electronics",68.62,27
348,"them","Attorney tax kitchen reach.","Electronics",75.81,50
349,"almost","Care forward court so.","Books",624.45,94
350,"professional","Together should six benefit.","Books",861.5,21
351,"its","Wife black employee ago.","Electronics",91.24,59
352,"fly","Argue performance religious deep street.","Clothing",913.91,5
353,"town","Hard until same usually work major.","Electronics",165.62,57
354,"plan","History join similar action.","Clothing",273.11,45
355,"black","But necessary very fight provide.","Books",222.56,88
356,"might","Something various reflect sign camera chance save.","Electronics",52.86,88
357,"feel","Rather he out.","Books",13,62
358,"commercial","Ability cut participant once although mother.","Electronics",968.04,90
359,"fight","Hour attorney full turn.","Electronics",577.75,2
360,"good","Over child each fire.","Home Decor",259.74,15
361,"key","Past beautiful paper performance eight follow foreign.","Electronics",576.76,25
362,"ground","Happy water green risk.","Home Decor",979.28,42
363,"fear","Without process trip model.","Clothing",576.1,26
364,"partner","Involve per responsibility.","Electronics",271.24,35
365,"question","Hear similar so third.","Books",561.36,19
366,"conference","Law anything individual serve.","Electronics",783.24,71
367,"will","Mrs among beat ok something someone.","Books",361.94,57
368,"example","College focus get knowledge control relate light down.","Home Decor",485.04,84
369,"offer","Environmental wife clear only.","Home Decor",920.22,80
370,"war","Yet final reveal single thank offer significant.","Books",58.76,70
371,"itself","Similar mind shake table.","Home Decor",732.56,53
372,"tend","Choose full thought each sort happen.","Clothing",445.96,69
373,"information","Concern both structure easy.","Clothing",189.79,36
374,"work","Whom good free.","Books",866.04,25
375,"environmental","Attorney expert way chair sit bank.","Home Decor",924.65,6
376,"add","Would environmental address investment.","Electronics",454.51,9
377,"early","According subject according need others.","Electronics",725.41,0
378,"present","Team those authority color.","Electronics",733.7,60
379,"turn","Nor catch season woman success magazine animal beat.","Books",466.94,37
380,"leg","Garden after smile former heart.","Home Decor",995.35,39
381,"will","Win something performance player task sometimes.","Electronics",891.82,70
382,"investment","Who affect answer current medical.","Books",321.66,26
383,"score","Your seem girl blood significant.","Books",28.05,94
384,"life","Clear mission cold.","Electronics",794.08,17
385,"choose","Kind economy imagine impact contain develop necessary.","Books",517.32,67
386,"art","Could language place method.","Electronics",89.24,67
387,"black","Song system where reveal fight five by.","Books",551.69,13
388,"main","Painting thousand run itself represent service.","Books",790.59,64
389,"follow","Thus certainly someone own effect.","Home Decor",561.13,2
390,"letter","Oil raise by.","Clothing",177.2,75
391,"check","Skin prepare play size effect boy affect prepare.","Home Decor",898.64,69
392,"prove","Audience something great better include loss.","Electronics",311.94,92
393,"only","House particular often responsibility imagine.","Books",924.21,5
394,"couple","Number it television billion themselves.","Clothing",537.13,60
395,"maybe","Expect early become create suggest too central.","Electronics",130.35,75
396,"appear","Season candidate century reveal top other.","Home Decor",127.53,82
397,"bar","Despite art arm really possible body again.","Clothing",976.81,62
398,"expert","Right find her.","Home Decor",687.23,95
399,"so","Son today occur level.","Home Decor",697.38,37
400,"trade","Minute professor experience heart.","Books",365.51,84
401,"hair","Concern front make marriage discover.","Home Decor",799.58,69
402,"cup","Without audience daughter will.","Electronics",229.42,69
403,"do","Table month sort increase.","Home Decor",590.75,97
404,"now","Huge prove seat fear billion although your.","Books",850.38,22
405,"such","Imagine know future case analysis others.","Clothing",233.84,90
406,"soldier","Blue like on hour inside.","Electronics",77.72,82
407,"wear","Mrs land mean both.","Electronics",945.24,97
408,"politics","Affect page hold career father range.","Clothing",835.32,10
409,"and","Final kind stock authority camera somebody.","Books",24.63,34
410,"together","Article some hour current change anyone.","Clothing",192.48,69
411,"onto","Type street face similar score.","Electronics",662.7,64
412,"ability","Apply always party quite detail concern.","Books",354.34,96
413,"environment","Window feel particularly growth.","Electronics",838.62,69
414,"south","You condition student kitchen push.","Home Decor",980.29,16
415,"lay","Consumer before think take him really.","Books",246.99,54
416,"end","Can fund travel sport medical across.","Books",922.65,41
417,"would","Appear film base seem chance practice history.","Clothing",764.88,63
418,"value","Million like off can tend law.","Electronics",339.65,5
419,"me","No herself movie.","Electronics",432.99,24
420,"course","Poor conference exactly cost whom must.","Home Decor",888.92,63
421,"consider","Exist everyone include.","Electronics",841.62,98
422,"always","Discover summer edge us law talk.","Electronics",895.37,15
423,"usually","Bar president task family knowledge class leader.","Books",748.76,64
424,"meet","Situation among pattern young bank stop.","Home Decor",664.06,35
425,"how","Easy their story full keep.","Clothing",169.76,26
426,"same","Pretty wait order left.","Electronics",353.35,80
427,"field","Audience mind business us today.","Books",893.04,30
428,"situation","Meet economic away.","Home Decor",925.92,84
429,"chance","Forget store such child.","Books",172.72,83
430,"campaign","Level theory say term happy person.","Home Decor",656.22,49
431,"exist","Itself state production beat as guy identify.","Books",286.11,82
432,"could","Address difference idea suddenly.","Books",190.98,10
433,"article","Wonder campaign cost party forward.","Electronics",855.5,85
434,"tree","Perhaps remember lot research house describe trouble article.","Electronics",639.04,94
435,"science","Air a us ago.","Books",748.45,34
436,"foot","Candidate else according wind camera movie.","Books",448.23,25
437,"sport","They arm democratic value word shake.","Electronics",322.6,18
438,"worry","And evening administration learn blue maybe our.","Clothing",0.11,16
439,"build","Past wear prove seat.","Electronics",855.02,29
440,"deal","West evening model end during example.","Electronics",676.42,71
441,"Democrat","Free meet necessary.","Books",303.14,2
442,"production","Manage color too determine need big.","Books",600.78,86
443,"lawyer","Beat per state exactly population your.","Books",766.65,28
444,"phone","Sister and big second policy.","Home Decor",70.39,44
445,"various","Tv tax international memory technology forget.","Electronics",726.72,80
446,"ready","Drive better respond.","Books",434.44,21
447,"turn","Boy attention billion long such at expert well.","Electronics",507.53,24
448,"way","Recognize they set as bit there chance.","Clothing",933.64,60
449,"newspaper","Newspaper address store quickly seem.","Books",852.36,9
450,"should","He mother way prove mean nice design.","Home Decor",644.79,94
451,"score","South always effect expect hotel.","Electronics",590.76,49
452,"live","Right idea player five factor think whatever.","Home Decor",940.82,58
453,"skin","Case show in want body strong party.","Electronics",424.27,78
454,"medical","Fight war political high plant.","Clothing",126.58,67
455,"sport","Group common add stand every kind blood.","Home Decor",217.54,58
456,"fact","Majority field Mrs environment find.","Books",625.57,34
457,"time","Will test car three whose development rise speech.","Books",154.84,48
458,"American","Before already itself capital couple.","Clothing",252.62,36
459,"financial","Role store few chair two tell.","Home Decor",387.23,3
460,"up","Always plant hit authority.","Home Decor",892.76,49
461,"about","Movie would staff list decade west.","Clothing",946.5,38
462,"know","Lead only show fight.","Clothing",217.32,1
463,"without","Dog newspaper those mouth consumer occur.","Electronics",852.27,3
464,"president","Guess than would month protect indeed method edge.","Clothing",152.08,79
465,"west","Owner over decide.","Home Decor",194.73,100
466,"spring","Number left response open ability fine animal.","Books",966.72,12
467,"require","Decide power such ago job suggest.","Books",559.71,66
468,"because","Alone short heavy quality wife organization born.","Electronics",19.69,20
469,"name","Easy turn attention study.","Electronics",875.63,84
470,"conference","Possible religious various clear develop scientist like.","Electronics",109.43,7
471,"company","Alone catch pull car.","Electronics",65.79,84
472,"onto","Still structure end turn feel certain marriage.","Books",583.53,52
473,"rich","Economy deep card little police face partner.","Books",499.87,71
474,"argue","Simple head relate.","Clothing",652.45,33
475,"decision","Look ahead good rise behind second.","Electronics",72.3,29
476,"end","His enjoy above when.","Books",12.06,3
477,"office","Determine huge either marriage who region suffer three.","Electronics",48.24,39
478,"green","Deep also cause hair.","Books",728.52,26
479,"should","Including section kitchen event.","Home Decor",555.23,61
480,"trip","Claim rule six large toward.","Electronics",60.63,64
481,"fast","State man language animal sport.","Clothing",854.48,10
482,"together","Physical sing peace hotel center time.","Electronics",455.92,48
483,"along","Where part pull property reveal.","Books",623.11,9
484,"skill","Walk tonight else boy.","Electronics",252.16,10
485,"assume","Believe data day contain.","Clothing",165.18,84
486,"a","Mouth discuss draw.","Home Decor",138.95,73
487,"talk","Tend move speak his.","Home Decor",53.34,2
488,"animal","Operation manager officer history play.","Electronics",392.36,56
489,"something","Office small own have.","Electronics",213.97,69
490,"nature","Way quality kitchen deal today decide.","Clothing",803.06,83
491,"manager","Management under to admit actually future question.","Electronics",513.2,26
492,"hand","Free bank only another performance save.","Home Decor",987.21,64
493,"participant","Population term fear body.","Books",395.63,43
494,"ability","Skill design turn make some performance sound.","Electronics",383.96,49
495,"anything","Relationship option single carry federal develop nearly.","Clothing",219.83,56
496,"hour","Half where instead like week body.","Clothing",525.56,64
497,"finally","Movement rest control option.","Home Decor",731.44,18
498,"light","President anyone another left interesting land.","Books",403.19,87
499,"property","Look laugh week.","Home Decor",239.46,58
500,"exactly","Sit as painting live.","Clothing",998.93,26
501,"these","Son movement general.","Home Decor",608.34,97
502,"experience","Surface over drive leg determine treatment parent.","Books",163.98,98
503,"bring","Seven late address year boy.","Clothing",587.64,46
504,"Mr","Recognize though process true remain write energy difference.","Books",608.57,13
505,"again","Baby rather letter improve thousand probably.","Electronics",993.22,5
506,"scientist","National wonder compare avoid go money bag.","Books",351.38,75
507,"magazine","Heart report physical mean attack.","Home Decor",824.04,90
508,"Mr","Administration according billion consumer exactly investment give.","Home Decor",274.09,75
509,"pressure","Condition raise know effort government.","Clothing",26.42,45
510,"nation","Few nearly hundred.","Books",996.14,98
511,"phone","Total window area indicate brother conference.","Books",752.72,38
512,"during","Send culture form.","Electronics",57.02,22
513,"education","Else box receive raise.","Home Decor",217.36,88
514,"that","Various goal rate feeling.","Clothing",577.23,38
515,"room","Reason recently cost this off degree news position.","Clothing",891.1,61
516,"head","Set would human oil.","Home Decor",551.14,88
517,"step","Man property between author room.","Home Decor",176.77,15
518,"show","Change board myself which voice like.","Books",915.75,84
519,"boy","Western after level since own.","Home Decor",454.95,70
520,"style","Wish road number authority national.","Clothing",499.81,15
521,"start","Ability up training clear grow method.","Home Decor",415.55,34
522,"process","Particularly require eat chance ten hand.","Clothing",664.31,87
523,"red","Author rich red hair Republican everything personal.","Books",51.77,52
524,"arm","Investment his unit east chair.","Books",983.66,100
525,"important","Paper pretty understand art require control.","Books",177.65,65
526,"issue","Civil safe there happen decision.","Books",641.35,29
527,"yourself","Local recognize Democrat maintain leave off remain stay.","Electronics",623,72
528,"away","Do society note.","Home Decor",262.7,96
529,"get","Citizen necessary third he sound class charge.","Books",126.48,67
530,"here","State window less miss produce.","Clothing",350.49,64
531,"project","Argue personal week skill.","Clothing",597.02,81
532,"of","Our serious shoulder.","Home Decor",900.84,88
533,"tough","Still car bar old act another.","Electronics",112.74,10
534,"toward","Movement mother major tough.","Home Decor",276.66,46
535,"need","Cost style little doctor.","Books",600.88,28
536,"training","Factor group few.","Clothing",643.27,46
537,"issue","Station toward century moment fear even evidence.","Books",568.84,52
538,"include","Until himself phone family across night.","Home Decor",223.72,38
539,"often","Weight leader live class arm lay.","Home Decor",476.96,2
540,"improve","Approach could us sell.","Books",917.41,5
541,"be","Analysis court former thing.","Electronics",605.82,99
542,"animal","Federal water first everybody.","Home Decor",695.35,52
543,"stock","Focus car star of.","Home Decor",49.53,49
544,"major","What reflect guess wrong above born down almost.","Home Decor",126.53,6
545,"stuff","Toward price range cup author bank could.","Books",968.33,23
546,"appear","Meeting or them keep identify admit.","Home Decor",400.54,58
547,"control","Between yourself race worry.","Clothing",26.59,99
548,"how","True new business picture general him subject.","Electronics",552.35,73
549,"write","Leg other art just.","Electronics",543.63,55
550,"animal","Magazine bit role process knowledge.","Home Decor",767.22,76
551,"become","Remember ball data amount officer data computer box.","Books",817.86,62
552,"collection","Notice power method difficult decade dog.","Books",912.23,73
553,"common","Force system story meeting campaign rather.","Electronics",159.14,3
554,"doctor","Doctor news piece consumer itself.","Clothing",761.46,10
555,"contain","Send despite firm.","Home Decor",193.36,99
556,"share","House painting population tend house.","Books",835.27,58
557,"young","Under fact unit parent maybe return though.","Electronics",221.5,19
558,"top","Anything condition alone until three already.","Electronics",949.16,27
559,"back","View indicate heavy now fast try hot series.","Electronics",263.06,92
560,"their","Land own later lot a politics why.","Books",673.57,35
561,"laugh","Single glass word any reach blue.","Home Decor",415.14,69
562,"break","Yes draw floor foreign serious together professional.","Clothing",588.69,13
563,"her","Become here idea begin chair himself couple itself.","Electronics",448.23,23
564,"human","Remain serious they east admit side.","Clothing",301.31,68
565,"though","Number thought traditional environmental reflect marriage quality.","Home Decor",187.73,1
566,"instead","Identify form adult heart east property.","Electronics",384.82,95
567,"home","Stand two week always.","Electronics",606.68,90
568,"have","Example tend very only hit yourself several.","Home Decor",530.56,80
569,"fast","Say decision local investment need item.","Clothing",30.6,1
570,"per","House from move though party.","Electronics",751.44,36
571,"industry","Smile production rise do cost.","Books",339.58,96
572,"forward","Seat maintain behind decision media catch understand.","Home Decor",985.74,44
573,"action","Campaign task unit win property.","Home Decor",427.74,70
574,"degree","Mission mission thing fight until figure huge.","Books",644.34,38
575,"save","Natural far environmental similar ask environmental.","Clothing",764.61,44
576,"also","Part seven produce blue identify gun guy.","Books",980.51,64
577,"focus","Rich may some popular.","Clothing",451.77,84
578,"pretty","Role talk full day always level go.","Electronics",12.65,76
579,"place","Worker enjoy develop option.","Home Decor",717.47,9
580,"door","Summer including next player remain according.","Books",908.72,75
581,"away","Watch center glass guess prevent.","Home Decor",551.09,27
582,"child","Same police she week soon provide.","Books",259.01,39
583,"time","Note store story foreign impact home.","Clothing",840.16,14
584,"coach","Effect politics these meeting conference position.","Clothing",650.62,69
585,"deep","Need trouble treatment difference spring image ok.","Home Decor",195.37,51
586,"white","Stock list buy than.","Electronics",756.64,89
587,"subject","Case turn top six fall treatment capital.","Books",409.64,19
588,"plan","Case act alone control.","Clothing",169.35,32
589,"them","Will interesting enter sea I against.","Books",844.13,14
590,"Congress","Fine little actually face.","Clothing",512.41,54
591,"field","Cell bed factor thought carry.","Clothing",595.47,14
592,"mean","Win seek and choose south.","Clothing",505.56,50
593,"tonight","Give stand thing build pay.","Home Decor",344.35,61
594,"realize","Today chair maybe local happen know leave.","Electronics",180.44,36
595,"some","Receive enter skin oil claim total early.","Home Decor",420.35,35
596,"carry","Within right gun treat affect student among.","Books",864.37,91
597,"reveal","Individual present next be doctor.","Home Decor",795.06,90
598,"nature","Player piece rich place.","Clothing",362.58,20
599,"recent","Cultural several early.","Clothing",114.01,80
600,"coach","Beautiful up left stop.","Electronics",428.02,5
601,"all","Evening light attorney party.","Home Decor",371.16,96
602,"blue","Certain imagine result then with agent.","Electronics",583.22,88
603,"sense","Price notice specific interview board.","Home Decor",797.58,23
604,"so","Especially food us fine.","Home Decor",667.28,28
605,"phone","Nature level far whose rich help everybody the.","Clothing",690.01,10
606,"from","Learn deal chance manage Congress from every.","Electronics",70.9,32
607,"part","Strong help south follow require owner million.","Electronics",378.46,47
608,"sometimes","Manager trouble visit question.","Home Decor",367.84,68
609,"marriage","Lead movie receive remain.","Electronics",742,89
610,"subject","Painting gun finally goal.","Electronics",625.32,86
611,"top","Level act hit life laugh consider federal.","Clothing",171.99,3
612,"direction","Participant always night material.","Books",594.31,2
613,"defense","Each foot spend whether.","Clothing",28.46,51
614,"its","Good be owner huge administration thought series.","Clothing",802.13,32
615,"news","Doctor black include who support kid.","Books",233.01,99
616,"according","Your someone difference international son prepare.","Clothing",355.75,43
617,"represent","Near current white evidence garden.","Clothing",56.11,97
618,"realize","Form stop and police rather fear individual.","Clothing",523.97,35
619,"month","Stay which party think brother.","Clothing",73.33,52
620,"big","Do child face white us.","Books",247.56,75
621,"increase","Later represent book.","Electronics",106.86,42
622,"card","Mission offer young easy.","Home Decor",727.66,38
623,"open","Step shake approach voice fight look computer.","Home Decor",359.15,100
624,"side","Small sometimes first again response.","Books",742.11,59
625,"lay","Clear pull identify subject career rest get.","Books",611.98,91
626,"use","Space message discussion shoulder company mind.","Home Decor",233.23,92
627,"defense","Standard figure thank arm morning.","Electronics",676.8,58
628,"far","Personal heavy peace later fill serve crime.","Electronics",315.11,83
629,"dark","Break civil car civil truth determine center.","Clothing",603.17,26
630,"off","Style language baby.","Clothing",99.23,88
631,"threat","Too do citizen support suggest mother off.","Clothing",604.12,38
632,"president","Brother out lose science charge.","Clothing",885.96,6
633,"beat","When language before box small four.","Electronics",756.33,86
634,"wish","Fly possible country relationship material kid.","Clothing",719.04,19
635,"world","They contain once perform anyone majority over.","Clothing",784.64,76
636,"training","First bank everything old federal.","Clothing",882.87,45
637,"house","Each audience suffer play.","Books",642.99,74
638,"politics","Happen which artist since hold represent.","Clothing",522.03,16
639,"pressure","Change school author situation.","Books",65.59,13
640,"attack","Push sell prepare account radio off.","Home Decor",405.76,25
641,"civil","Week minute born instead word walk drop ready.","Home Decor",587.69,74
642,"economy","Side political say Mrs degree he support.","Clothing",46.22,62
643,"hard","Against defense mention everybody full defense.","Home Decor",928.42,82
644,"land","Whether friend bank.","Books",903.44,25
645,"attorney","Gas raise many cut responsibility product main.","Books",801.11,36
646,"talk","Thus successful professional another too each.","Electronics",603.45,98
647,"probably","Drive choice shake.","Books",318.62,9
648,"husband","Student nor memory small attention.","Electronics",817.49,49
649,"Mrs","Threat clearly rate ago cold course.","Home Decor",411.99,61
650,"arrive","Yes develop major while.","Clothing",276.94,15
651,"civil","Continue meet federal region program my building.","Clothing",290.58,91
652,"pressure","System tree game development.","Clothing",226.37,25
653,"recently","Officer push activity before player difficult want return.","Clothing",985.19,5
654,"they","Ready number school view arm hope.","Clothing",669.34,98
655,"amount","Its establish through.","Books",882.5,24
656,"form","Door major technology body have physical that.","Books",370.67,53
657,"skill","Reveal he start success first person.","Electronics",660.71,69
658,"bill","Be personal simple apply significant.","Electronics",372.72,65
659,"tend","Number direction reality story role.","Electronics",965.95,93
660,"lay","Event question message decade score threat.","Electronics",403.55,93
661,"fact","Democratic food go mind Mrs change better television.","Electronics",479.89,68
662,"structure","Bar people science weight direction.","Home Decor",49.62,5
663,"American","Plan safe size shake key half.","Electronics",998.51,73
664,"environment","Today bag who Democrat.","Books",90.34,35
665,"first","Try property stop threat sell hope.","Clothing",51.31,70
666,"he","Ok age notice population notice manage fast.","Books",55.58,15
667,"day","Quality coach consider around.","Electronics",294.1,5
668,"take","Center none worry large six outside floor.","Electronics",109.12,3
669,"material","Attack Mrs buy than American.","Electronics",924.91,1
670,"evidence","Her society measure ahead marriage exactly.","Clothing",184.8,91
671,"carry","Avoid in write those.","Books",673.35,96
672,"morning","Hard important position season push could where.","Home Decor",710.91,87
673,"yet","My beat result specific fund bar theory.","Books",439.11,98
674,"billion","All ball whom individual better assume.","Clothing",557.22,44
675,"though","Smile drop from the right middle model.","Clothing",369.7,66
676,"prove","Prepare another begin result system.","Clothing",197.66,28
677,"hope","Second religious five wear call south like.","Clothing",972.59,5
678,"final","Go lot if this only begin.","Electronics",807.85,7
679,"matter","Among start between only threat stand.","Books",534.79,56
680,"your","Look itself order check character camera mean.","Electronics",319.13,21
681,"whose","Local particular down under.","Electronics",302.85,15
682,"enjoy","Street ever end increase real start again.","Books",180.75,69
683,"research","Voice official impact memory newspaper.","Home Decor",303.17,35
684,"suddenly","Team site set industry.","Home Decor",394.68,45
685,"ground","Another well later both team.","Electronics",416.83,87
686,"since","Cold through improve follow.","Books",700.94,75
687,"Mrs","New sing page expert poor source.","Electronics",884,10
688,"tend","Enjoy protect expect painting commercial.","Electronics",704.85,37
689,"the","Campaign watch amount age out order up too.","Home Decor",814.32,61
690,"yet","Structure pattern bring middle how do leader born.","Home Decor",414.23,7
691,"everybody","Page per only exist democratic make hold occur.","Home Decor",7.4,0
692,"maintain","Staff across discover.","Electronics",158.65,68
693,"sell","Argue manage walk right imagine fast.","Electronics",145.48,13
694,"commercial","Day certainly collection news.","Electronics",409.75,15
695,"they","Spring decision east performance according what stage.","Electronics",726.3,54
696,"story","Rest test consumer capital I reason ago.","Clothing",181.57,53
697,"service","Employee visit number new.","Clothing",519.79,34
698,"people","Establish notice pattern anyone.","Electronics",668.2,97
699,"claim","Level issue what.","Clothing",98.55,63
700,"music","Trip guy car risk.","Clothing",578.19,65
701,"family","Store me risk work.","Electronics",264.03,67
702,"discussion","Our those sell nature fall school thank including.","Electronics",834.91,3
703,"visit","Risk admit explain oil challenge.","Home Decor",350.07,16
704,"major","Me voice provide north management.","Electronics",873.34,33
705,"deal","Amount hand her save live major.","Electronics",168.55,36
706,"population","Long weight beyond see pull trouble.","Electronics",188.54,84
707,"production","Chair local writer yet.","Home Decor",304.06,91
708,"understand","Concern chance head decide every audience prevent education.","Electronics",274.95,88
709,"week","Sit model total nice yourself live.","Clothing",504.57,34
710,"rich","Well wonder now stuff firm above all.","Books",396.16,59
711,"audience","Still individual rather coach improve baby.","Clothing",517.21,54
712,"try","Western him paper difference.","Home Decor",497.57,36
713,"if","Show detail produce.","Clothing",25.4,38
714,"beyond","Responsibility set opportunity notice myself heavy boy.","Clothing",875.39,77
715,"theory","Summer spend operation audience yourself.","Electronics",703.99,23
716,"carry","Road theory him city reach.","Books",325.92,94
717,"yeah","Everybody want mind per ago floor.","Electronics",437.8,80
718,"lay","Field success own discover agreement film.","Clothing",832.96,10
719,"improve","Could push fear expert opportunity.","Clothing",313.19,78
720,"pressure","Act building end ahead time when ok approach.","Books",407.98,45
721,"leg","Your man cultural.","Home Decor",249.31,76
722,"miss","Ten order staff traditional security once pretty.","Home Decor",423.71,57
723,"turn","There skill yourself person.","Home Decor",138.74,4
724,"five","Could difference many new very question.","Electronics",992.19,35
725,"protect","Bad natural owner lay own fire prove.","Books",567.75,89
726,"exist","Teacher hot resource weight international worker number feeling.","Electronics",426.27,14
727,"teach","Laugh join available natural.","Books",337.59,13
728,"operation","Begin will community read commercial value.","Home Decor",6.71,90
729,"number","That decision else.","Clothing",710.08,58
730,"laugh","Reality government southern seat door run thing.","Books",487.29,46
731,"conference","Consider full program.","Clothing",574.42,17
732,"across","Such poor also follow help wide him.","Electronics",837.9,34
733,"Republican","Good enter remain.","Books",887.67,54
734,"ability","Several safe though side official.","Home Decor",249.38,40
735,"dream","Television say behavior push.","Electronics",346.85,80
736,"magazine","Class American bed create from.","Electronics",694.97,5
737,"feel","Determine how generation social seat police actually exactly.","Home Decor",86.15,46
738,"office","Open production agency fly decade character.","Books",378.86,76
739,"night","Rest or situation south how explain.","Books",991.61,70
740,"bill","Forget discuss even month fast standard among.","Electronics",438.6,17
741,"if","Approach might inside against field similar.","Electronics",534.75,57
742,"fund","Kitchen imagine sign his reflect through.","Home Decor",651.78,52
743,"surface","Rich reach budget executive.","Books",661.27,63
744,"large","Ground himself throw travel laugh less surface.","Books",94.43,90
745,"inside","Identify particularly according customer foreign detail.","Electronics",191.42,2
746,"where","Public party management.","Electronics",874.51,61
747,"work","Point character view.","Clothing",499.03,91
748,"can","Number answer develop catch describe.","Electronics",223.4,38
749,"stock","Teach price task analysis officer sure money.","Books",76.69,39
750,"style","My more necessary structure turn operation.","Electronics",980.15,59
751,"trade","Note onto free number create reality.","Clothing",338.76,64
752,"trip","Friend garden fall body make probably.","Electronics",473.97,53
753,"night","Realize sell low mother lead better.","Electronics",430.74,80
754,"south","News fish weight professional skill growth hotel.","Home Decor",361.85,49
755,"general","Late possible market idea.","Books",926.22,37
756,"that","Many force room skill.","Home Decor",156.88,31
757,"discuss","Statement office mother official support morning that.","Home Decor",144.27,92
758,"require","Security official present appear account southern others.","Electronics",314.04,44
759,"shake","Choice half study herself organization.","Clothing",841.74,8
760,"three","Tend member since price.","Clothing",859.04,24
761,"born","Employee know machine low left throw item.","Clothing",893.18,72
762,"day","Growth adult account particularly someone fast.","Books",227.74,98
763,"customer","Member firm teach simple month first budget player.","Clothing",355.12,62
764,"job","Camera organization where wife.","Home Decor",537.9,7
765,"suggest","On help individual performance former evening third.","Home Decor",333.34,5
766,"sit","Song bad change onto reduce.","Electronics",995.65,17
767,"student","Small world choose my already poor.","Electronics",278.75,92
768,"since","Instead onto next Republican.","Clothing",677.21,52
769,"cultural","Morning clearly third common per outside.","Home Decor",258.79,89
770,"call","Later radio pay argue agent.","Books",987.58,15
771,"represent","Talk recent cell western work there.","Books",816.9,68
772,"local","Miss property remember.","Books",815.9,100
773,"society","Successful agree politics somebody quickly challenge partner.","Electronics",571.02,39
774,"they","Peace glass little especially task.","Home Decor",745.11,17
775,"cost","Similar national head decide help.","Clothing",689.69,90
776,"company","Tv debate news.","Electronics",537.95,37
777,"analysis","Environmental parent among.","Home Decor",793.18,91
778,"bill","Have system east serve medical alone.","Electronics",984.27,74
779,"herself","Since defense go against size own different ground.","Books",909.51,97
780,"government","Again determine sea want line simple response nature.","Electronics",623.9,86
781,"pick","Mention finish industry evening.","Electronics",405.29,62
782,"indicate","Reflect prepare speak.","Books",920.45,36
783,"reach","Worry discussion land sure message concern.","Clothing",157.93,52
784,"collection","Into her school.","Books",6.45,22
785,"lead","Side simple actually future newspaper dream smile.","Electronics",927.88,87
786,"mission","Exactly food follow case.","Electronics",889.77,73
787,"certain","Son and at however person consider economic.","Electronics",55.14,8
788,"blue","Live wind record day suddenly.","Electronics",452.92,66
789,"budget","Consider civil store language that board various.","Clothing",475.89,98
790,"language","Big similar represent interesting from.","Clothing",722.41,45
791,"win","Someone main natural career tell election particularly.","Books",295.39,4
792,"guess","Bag fund listen appear.","Clothing",697.4,22
793,"kitchen","National every event stand age.","Electronics",256.48,48
794,"nature","Seem other impact threat tend.","Books",322.81,36
795,"financial","Big financial country guess opportunity answer model.","Home Decor",329.99,51
796,"if","How popular city education bar card experience lay.","Electronics",361.8,70
797,"none","Top weight information that we let.","Books",869.11,14
798,"relationship","Really specific so sense.","Home Decor",888.3,63
799,"head","Yourself like that until cultural hospital PM head.","Electronics",262.85,66
800,"most","Stock federal system work.","Clothing",688.08,78
801,"require","Coach fish member language myself serious thing.","Clothing",625.44,99
802,"vote","Fight hope every south doctor significant.","Books",932.89,13
803,"always","Place develop provide pattern list.","Books",952.34,56
804,"war","Fight each firm laugh page environmental thousand.","Books",674.6,8
805,"toward","Lead sit clear rise interview.","Home Decor",734.55,91
806,"identify","Around drop treatment southern.","Electronics",215.56,45
807,"industry","Day least authority myself both exist.","Home Decor",250.11,25
808,"enter","House different road.","Home Decor",562.54,23
809,"down","Federal how goal Mr suffer leader study.","Electronics",702.6,4
810,"positive","Actually follow color politics if.","Clothing",515.49,65
811,"another","Cold mention recognize idea my should.","Electronics",370.02,39
812,"husband","Consumer measure attack produce.","Electronics",739.7,84
813,"for","Direction him mother throughout message answer.","Home Decor",887.2,79
814,"eat","Will what what southern behind watch.","Books",926.42,25
815,"more","Page notice fund fall each leave development.","Home Decor",736.71,28
816,"how","War project else body each detail.","Home Decor",536.39,61
817,"blue","Approach natural center bed movie throughout.","Clothing",860.75,21
818,"father","Onto available alone today friend article.","Books",671.38,37
819,"recently","South television red decide.","Electronics",610.42,30
820,"customer","Mention material eye degree threat simple.","Home Decor",623.28,99
821,"name","Information baby look help later how particular.","Books",166.63,48
822,"authority","Our market whose program teacher.","Home Decor",474.19,15
823,"school","Around carry low Republican.","Electronics",23.87,97
824,"meeting","Hand magazine certainly possible contain four.","Clothing",163.91,60
825,"majority","Product newspaper key well.","Books",86.29,66
826,"military","Ever floor defense study professional.","Books",755.24,78
827,"family","Road I join stop care.","Books",630.64,95
828,"fear","None reality nearly purpose upon.","Electronics",72.09,69
829,"year","Quickly miss skill consumer building away.","Home Decor",893.4,56
830,"sea","Expert art stay money.","Home Decor",599.09,38
831,"next","Last others space at agree adult attention through.","Home Decor",349.99,73
832,"loss","Think forward many safe never training evening.","Home Decor",989.37,77
833,"wrong","Easy star gas least.","Clothing",848.44,10
834,"history","Fact some even air.","Home Decor",225.87,14
835,"foreign","Campaign seven rest president environment child.","Clothing",239.44,80
836,"shake","Hotel agent mouth respond watch four.","Clothing",814.8,35
837,"lose","Prove itself account deal.","Electronics",742.42,48
838,"current","Maybe sign bill focus.","Electronics",944.63,48
839,"true","Capital painting check several.","Electronics",128.98,83
840,"between","Maintain if affect data former.","Electronics",181.11,52
841,"authority","Again floor spring short while produce but personal.","Electronics",381.24,26
842,"think","Environmental build present unit decade director have suffer.","Clothing",79.39,97
843,"night","Support easy art situation travel art.","Home Decor",585.02,93
844,"term","Myself speak expert leg join represent house.","Home Decor",969,83
845,"knowledge","Hit rock job.","Home Decor",958.82,44
846,"dream","Long stuff while would exist or.","Home Decor",771.32,72
847,"sort","Sure level citizen themselves safe.","Clothing",858.15,84
848,"hope","Edge difficult decade between add.","Home Decor",430.44,95
849,"behavior","Scientist relate look it.","Books",230.05,27
850,"dark","Meet run face.","Clothing",621.15,91
851,"his","Analysis bed else which group matter value community.","Electronics",54.55,38
852,"decision","Cost herself turn operation evening.","Electronics",965.24,63
853,"not","Current chance itself minute billion by chance.","Electronics",285.11,18
854,"themselves","Military glass perhaps gun cause their key agent.","Clothing",448.89,12
855,"never","Second quite activity woman.","Books",989.65,31
856,"bit","Turn structure lead leave coach.","Electronics",530.68,55
857,"executive","Now alone upon employee experience notice number.","Books",618.03,50
858,"rock","Newspaper nation couple career military fire news.","Home Decor",144.35,34
859,"wait","Deal factor talk assume.","Books",616.81,6
860,"always","Crime along necessary me kid check.","Books",389.71,26
861,"week","Hold treatment example hold thing.","Home Decor",335.59,49
862,"event","Behind crime response box.","Clothing",455.15,66
863,"relationship","Best second court accept.","Books",723.74,35
864,"window","Visit he understand increase ability rise.","Clothing",326.94,91
865,"enter","Bit every factor fine.","Clothing",890.66,99
866,"four","So someone skill.","Electronics",401.68,63
867,"tend","History type smile down carry others new cover.","Electronics",163.77,36
868,"stock","Common piece report side company.","Books",97.68,70
869,"painting","Opportunity while program company rather animal answer.","Electronics",259.2,26
870,"big","Likely far region protect.","Books",927.89,10
871,"ahead","Somebody participant teacher speech.","Clothing",439.76,72
872,"success","Teacher north learn model enough you outside.","Electronics",358.31,38
873,"join","Inside most option.","Clothing",291.66,35
874,"organization","Light sort next.","Electronics",252.71,52
875,"young","Continue edge though find never prevent such.","Books",833.24,54
876,"quality","Forget himself mouth his.","Books",420.81,45
877,"imagine","Responsibility wife including.","Books",94.13,19
878,"show","Manage south parent.","Books",940.01,97
879,"program","Discuss feel start tonight yes special.","Electronics",412.31,8
880,"friend","Other dream establish simple.","Books",4.63,22
881,"onto","Just away whatever staff something direction as.","Clothing",200.77,0
882,"many","Form wind own win radio.","Home Decor",720.82,33
883,"successful","Morning opportunity half.","Home Decor",46.01,7
884,"development","Table hold question camera two garden.","Clothing",167.84,92
885,"president","Finish owner fast weight.","Electronics",431.81,48
886,"always","Bit process chair foreign.","Clothing",24.88,49
887,"paper","Heavy card address social measure check quite.","Electronics",27.89,58
888,"college","Laugh around issue interest budget.","Books",590.45,31
889,"drop","Believe include save role run our.","Home Decor",38.05,21
890,"finish","Process discuss television center change represent.","Electronics",504.87,80
891,"police","Risk indeed million drug.","Clothing",71.25,18
892,"among","Important or dog reduce trouble will.","Home Decor",919.15,86
893,"can","Today understand himself look common art.","Home Decor",43.96,46
894,"resource","Perhaps case rock few personal media create.","Electronics",283.73,22
895,"develop","Adult talk full face order.","Home Decor",273.92,57
896,"recognize","Purpose in hotel.","Books",624.36,23
897,"never","Discussion become girl history by say unit way.","Clothing",957.08,13
898,"worker","Program watch late.","Home Decor",566.68,34
899,"use","Oil improve beyond stay.","Electronics",682.46,86
900,"far","Executive wife deep that.","Books",928.47,78
901,"teacher","Money specific even style.","Books",254.84,34
902,"give","Game change successful old expert thus.","Electronics",497.76,84
903,"magazine","As spring ten exactly high likely.","Home Decor",429.58,69
904,"region","Decade at blue allow.","Home Decor",420.45,32
905,"call","Garden hard soldier among office green response.","Books",803.5,10
906,"meeting","Score they myself name claim.","Clothing",619.16,17
907,"instead","Decide series usually civil account red.","Books",320.74,88
908,"war","Herself tell matter attention tonight thing.","Clothing",575.03,34
909,"certain","Pretty specific only thought.","Books",391.08,4
910,"speak","Mention drive early form hand.","Books",722.59,90
911,"ok","Leave operation form choose visit.","Books",152.78,85
912,"way","Adult care push couple provide.","Books",114.36,19
913,"treatment","Including sure its sort.","Clothing",352.34,1
914,"relationship","Responsibility us tough bill happy green bar.","Books",96.61,88
915,"happy","Follow create relationship less front president.","Home Decor",343.5,33
916,"public","Yet training bed including vote rather face.","Books",727.22,56
917,"outside","Series probably occur significant.","Books",120.8,9
918,"street","Former want radio although.","Books",917.13,9
919,"stay","Truth add issue heart song site.","Books",915.19,96
920,"argue","Reach concern value course significant travel.","Clothing",137.07,80
921,"beautiful","Common short page fear.","Home Decor",774.56,79
922,"tax","Trade mention but between own.","Home Decor",456.55,28
923,"kitchen","Heart onto whom next.","Books",790.27,41
924,"stay","Would even us.","Books",26.49,99
925,"although","Citizen poor half hotel quite bad mention.","Electronics",293.99,51
926,"and","Require run customer case.","Home Decor",374.58,51
927,"likely","During child be animal.","Books",317.18,86
928,"beautiful","College environment your main sing maintain.","Clothing",6.38,16
929,"enough","Long particular may someone think a.","Home Decor",470.66,16
930,"task","Task would since case political.","Electronics",11.64,47
931,"seven","Air fill expect.","Home Decor",234.72,79
932,"manage","Its get long factor material.","Home Decor",527.65,26
933,"body","Worry various only another scene cell.","Electronics",97.55,98
934,"we","Several right wear speech just truth.","Clothing",971.05,35
935,"value","Direction war specific again maybe piece should.","Home Decor",462.27,25
936,"able","Approach argue fund order return.","Clothing",289.51,49
937,"public","Modern support mention TV reflect somebody.","Clothing",693.11,97
938,"guy","Because dark employee position easy road baby.","Books",413.08,24
939,"describe","Small its occur bill both idea room.","Books",615.02,0
940,"green","Address memory beat all.","Electronics",671.13,34
941,"road","Rise head eat walk base executive window.","Books",739.23,1
942,"fast","Senior food possible life board dog under.","Books",876.61,5
943,"close","Enjoy security letter eight.","Books",98.55,59
944,"pattern","Accept TV color thank politics participant admit.","Electronics",218.16,34
945,"difficult","Join too this everything international that.","Electronics",396.29,36
946,"seem","Attention my matter them and.","Home Decor",378.09,63
947,"bag","Exactly western though better rather especially.","Books",496.09,55
948,"herself","Really look stay his option well.","Electronics",871.79,69
949,"both","Few type radio into stock significant baby.","Electronics",419.57,36
950,"lead","Charge discover opportunity station change very class.","Books",698.23,26
951,"cold","Language maybe everybody protect industry.","Electronics",300.43,69
952,"prepare","Benefit month war fact.","Electronics",925.3,47
953,"two","Friend process southern trial authority reach.","Home Decor",93.67,39
954,"safe","Question arm street once TV.","Books",806.88,67
955,"his","Gun ahead foot contain two common generation.","Books",324.64,56
956,"quite","Seat month today first.","Clothing",482.81,62
957,"chance","Before coach character design relate.","Electronics",628.88,17
958,"very","Hotel network physical station score performance.","Clothing",166.2,29
959,"head","Especially local yet letter.","Home Decor",593.96,60
960,"discussion","Fast dark military true yourself per.","Electronics",539.67,63
961,"sign","Care glass travel.","Books",209.12,49
962,"bar","Operation this take always nice.","Clothing",300.31,87
963,"approach","Community behind way offer daughter line yeah.","Books",103.71,26
964,"trouble","Ask page its yes star represent more.","Clothing",145.7,76
965,"character","Move well mention five none author consumer.","Home Decor",487.74,80
966,"news","Specific according receive actually east.","Clothing",68.05,5
967,"exactly","Rest rise environment suddenly.","Clothing",576.23,99
968,"enter","Able avoid player second success.","Clothing",920.64,28
969,"phone","Ready current see manage hotel effect.","Home Decor",997.05,17
970,"hot","Put professional add behind house college.","Home Decor",963.34,61
971,"use","Push article standard affect close peace western.","Clothing",899.8,40
972,"college","Ball adult even those.","Books",652.6,57
973,"interesting","Himself future mind human simple board.","Electronics",764.27,20
974,"security","Age I college along tonight.","Books",277.15,96
975,"author","Later sometimes address success hand tax.","Electronics",789.56,80
976,"series","Evidence determine others admit minute.","Clothing",707.76,27
977,"pull","Entire around wish meet name could food human.","Books",706.26,65
978,"data","Consider until production president.","Books",494.35,98
979,"make","Understand real town identify beautiful focus.","Clothing",124.99,62
980,"fact","Peace goal head book success visit history theory.","Clothing",940.7,52
981,"modern","Return environment available floor visit.","Home Decor",159.39,33
982,"hand","Person enough research debate interview effect.","Books",472.97,86
983,"price","Call world he once.","Clothing",176.45,75
984,"man","Serious play south example analysis history.","Clothing",311.69,29
985,"stuff","Live contain bit strategy.","Books",845.05,98
986,"movement","Girl our lot sure end program.","Home Decor",251.74,90
987,"radio","Anyone well fire name.","Books",217.26,44
988,"hear","Federal thought begin special story wind.","Clothing",211.06,71
989,"husband","Change ago commercial interview form need.","Clothing",230.69,34
990,"between","Nature star her drive smile.","Clothing",264.73,96
991,"full","Office reduce past next.","Clothing",630.93,4
992,"choose","Every safe nor need.","Home Decor",995.24,74
993,"pretty","Assume baby almost factor generation forward.","Electronics",466.49,80
994,"training","Whether push measure plan story training author chair.","Home Decor",984.47,21
995,"girl","Also teacher seat.","Books",634.96,3
996,"such","Value something result campaign century window.","Electronics",438.47,33
997,"natural","May apply put month direction drug lead.","Home Decor",403.39,10
998,"we","Teacher allow city research after wind.","Clothing",935.89,92
999,"where","Challenge girl especially reveal religious.","Books",561.77,79
1000,"wrong","Thus scientist somebody wish travel we unit.","Books",820.23,41
